time,patch_id,time_in_patch,reward,cumulative_patch_reward,prob_reward,rewards_in_patch,failures_in_patch,consecutive_failures,patch_entry_time
1,0,1,5,5,0.9,1,0,0.0,0.0
2,0,2,5,10,0.7904862658184875,2,0,0.0,0.0
3,0,3,5,15,0.6942983738307293,3,0,0.0,0.0
4,0,4,5,20,0.609814809881446,4,0,0.0,0.0
5,0,5,0,20,0.5356113687822168,4,1,1.0,0.0
8,-1,3,0,0,0.0,0,0,,
9,1,1,5,5,0.4,1,0,0.0,8.0
10,1,2,0,5,0.3513272292526611,1,1,1.0,8.0
13,-1,3,0,0,0.0,0,0,,
14,0,1,5,5,0.9,1,0,0.0,13.0
15,0,2,5,10,0.7904862658184875,2,0,0.0,13.0
16,0,3,5,15,0.6942983738307293,3,0,0.0,13.0
17,0,4,5,20,0.609814809881446,4,0,0.0,13.0
18,0,5,0,20,0.5356113687822168,4,1,1.0,13.0
21,-1,3,0,0,0.0,0,0,,
22,1,1,5,5,0.4,1,0,0.0,21.0
23,1,2,0,5,0.3513272292526611,1,1,1.0,21.0
26,-1,3,0,0,0.0,0,0,,
27,1,1,5,5,0.4,1,0,0.0,26.0
28,1,2,5,10,0.3513272292526611,2,0,0.0,26.0
29,1,3,0,10,0.30857705503587973,2,1,1.0,26.0
32,-1,3,0,0,0.0,0,0,,
33,0,1,0,0,0.9,0,1,1.0,32.0
36,-1,3,0,0,0.0,0,0,,
37,1,1,0,0,0.4,0,1,1.0,36.0
40,-1,3,0,0,0.0,0,0,,
41,1,1,5,5,0.4,1,0,0.0,40.0
42,1,2,0,5,0.3513272292526611,1,1,1.0,40.0
45,-1,3,0,0,0.0,0,0,,
46,0,1,5,5,0.9,1,0,0.0,45.0
47,0,2,0,5,0.7904862658184875,1,1,1.0,45.0
50,-1,3,0,0,0.0,0,0,,
51,1,1,5,5,0.4,1,0,0.0,50.0
52,1,2,0,5,0.3513272292526611,1,1,1.0,50.0
55,-1,3,0,0,0.0,0,0,,
56,0,1,0,0,0.9,0,1,1.0,55.0
59,-1,3,0,0,0.0,0,0,,
60,1,1,0,0,0.4,0,1,1.0,59.0
63,-1,3,0,0,0.0,0,0,,
64,1,1,5,5,0.4,1,0,0.0,63.0
65,1,2,0,5,0.3513272292526611,1,1,1.0,63.0
68,-1,3,0,0,0.0,0,0,,
69,1,1,0,0,0.4,0,1,1.0,68.0
72,-1,3,0,0,0.0,0,0,,
73,0,1,5,5,0.9,1,0,0.0,72.0
74,0,2,5,10,0.7904862658184875,2,0,0.0,72.0
75,0,3,5,15,0.6942983738307293,3,0,0.0,72.0
76,0,4,0,15,0.609814809881446,3,1,1.0,72.0
79,-1,3,0,0,0.0,0,0,,
80,0,1,5,5,0.9,1,0,0.0,79.0
81,0,2,5,10,0.7904862658184875,2,0,0.0,79.0
82,0,3,0,10,0.6942983738307293,2,1,1.0,79.0
85,-1,3,0,0,0.0,0,0,,
86,1,1,5,5,0.4,1,0,0.0,85.0
87,1,2,5,10,0.3513272292526611,2,0,0.0,85.0
88,1,3,0,10,0.30857705503587973,2,1,1.0,85.0
91,-1,3,0,0,0.0,0,0,,
92,1,1,0,0,0.4,0,1,1.0,91.0
95,-1,3,0,0,0.0,0,0,,
96,1,1,5,5,0.4,1,0,0.0,95.0
97,1,2,5,10,0.3513272292526611,2,0,0.0,95.0
98,1,3,0,10,0.30857705503587973,2,1,1.0,95.0
101,-1,3,0,0,0.0,0,0,,
102,0,1,5,5,0.9,1,0,0.0,101.0
103,0,2,5,10,0.7904862658184875,2,0,0.0,101.0
104,0,3,0,10,0.6942983738307293,2,1,1.0,101.0
107,-1,3,0,0,0.0,0,0,,
