time,patch_id,time_in_patch,reward,cumulative_patch_reward,prob_reward,rewards_in_patch,failures_in_patch,consecutive_failures,patch_entry_time
1,0,1,5,5,0.9,1,0,0.0,0.0
2,0,2,5,10,0.7904862658184875,2,0,0.0,0.0
3,0,3,5,15,0.6942983738307293,3,0,0.0,0.0
4,0,4,5,20,0.609814809881446,4,0,0.0,0.0
5,0,5,5,25,0.5356113687822168,5,0,0.0,0.0
6,0,6,0,25,0.4704371453762037,5,1,1.0,0.0
9,-1,3,0,0,0.0,0,0,,
10,1,1,0,0,0.4,0,1,1.0,9.0
13,-1,3,0,0,0.0,0,0,,
14,0,1,5,5,0.9,1,0,0.0,13.0
15,0,2,5,10,0.7904862658184875,2,0,0.0,13.0
16,0,3,0,10,0.6942983738307293,2,1,1.0,13.0
19,-1,3,0,0,0.0,0,0,,
20,1,1,0,0,0.4,0,1,1.0,19.0
23,-1,3,0,0,0.0,0,0,,
24,1,1,5,5,0.4,1,0,0.0,23.0
25,1,2,0,5,0.3513272292526611,1,1,1.0,23.0
28,-1,3,0,0,0.0,0,0,,
29,0,1,5,5,0.9,1,0,0.0,28.0
30,0,2,0,5,0.7904862658184875,1,1,1.0,28.0
33,-1,3,0,0,0.0,0,0,,
34,1,1,0,0,0.4,0,1,1.0,33.0
37,-1,3,0,0,0.0,0,0,,
38,1,1,0,0,0.4,0,1,1.0,37.0
41,-1,3,0,0,0.0,0,0,,
42,0,1,0,0,0.9,0,1,1.0,41.0
45,-1,3,0,0,0.0,0,0,,
46,1,1,0,0,0.4,0,1,1.0,45.0
49,-1,3,0,0,0.0,0,0,,
50,0,1,5,5,0.9,1,0,0.0,49.0
51,0,2,5,10,0.7904862658184875,2,0,0.0,49.0
52,0,3,5,15,0.6942983738307293,3,0,0.0,49.0
53,0,4,0,15,0.609814809881446,3,1,1.0,49.0
56,-1,3,0,0,0.0,0,0,,
57,1,1,5,5,0.4,1,0,0.0,56.0
58,1,2,5,10,0.3513272292526611,2,0,0.0,56.0
59,1,3,5,15,0.30857705503587973,3,0,0.0,56.0
60,1,4,0,15,0.2710288043917538,3,1,1.0,56.0
63,-1,3,0,0,0.0,0,0,,
64,1,1,5,5,0.4,1,0,0.0,63.0
65,1,2,5,10,0.3513272292526611,2,0,0.0,63.0
66,1,3,0,10,0.30857705503587973,2,1,1.0,63.0
69,-1,3,0,0,0.0,0,0,,
70,1,1,5,5,0.4,1,0,0.0,69.0
71,1,2,0,5,0.3513272292526611,1,1,1.0,69.0
74,-1,3,0,0,0.0,0,0,,
75,0,1,5,5,0.9,1,0,0.0,74.0
76,0,2,5,10,0.7904862658184875,2,0,0.0,74.0
77,0,3,5,15,0.6942983738307293,3,0,0.0,74.0
78,0,4,5,20,0.609814809881446,4,0,0.0,74.0
79,0,5,5,25,0.5356113687822168,5,0,0.0,74.0
80,0,6,0,25,0.4704371453762037,5,1,1.0,74.0
83,-1,3,0,0,0.0,0,0,,
84,0,1,5,5,0.9,1,0,0.0,83.0
85,0,2,5,10,0.7904862658184875,2,0,0.0,83.0
86,0,3,5,15,0.6942983738307293,3,0,0.0,83.0
87,0,4,5,20,0.609814809881446,4,0,0.0,83.0
88,0,5,0,20,0.5356113687822168,4,1,1.0,83.0
91,-1,3,0,0,0.0,0,0,,
92,1,1,5,5,0.4,1,0,0.0,91.0
93,1,2,5,10,0.3513272292526611,2,0,0.0,91.0
94,1,3,5,15,0.30857705503587973,3,0,0.0,91.0
95,1,4,0,15,0.2710288043917538,3,1,1.0,91.0
98,-1,3,0,0,0.0,0,0,,
99,1,1,0,0,0.4,0,1,1.0,98.0
102,-1,3,0,0,0.0,0,0,,
103,1,1,0,0,0.4,0,1,1.0,102.0
106,-1,3,0,0,0.0,0,0,,
107,0,1,0,0,0.9,0,1,1.0,106.0
110,-1,3,0,0,0.0,0,0,,
