time,patch_id,time_in_patch,reward,cumulative_patch_reward,prob_reward,rewards_in_patch,failures_in_patch,consecutive_failures,patch_entry_time
1,0,1,5,5,0.9,1,0,0.0,0.0
2,0,2,0,5,0.7904862658184875,1,1,1.0,0.0
5,-1,3,0,0,0.0,0,0,,
6,1,1,0,0,0.4,0,1,1.0,5.0
9,-1,3,0,0,0.0,0,0,,
10,0,1,5,5,0.9,1,0,0.0,9.0
11,0,2,5,10,0.7904862658184875,2,0,0.0,9.0
12,0,3,5,15,0.6942983738307293,3,0,0.0,9.0
13,0,4,0,15,0.609814809881446,3,1,1.0,9.0
16,-1,3,0,0,0.0,0,0,,
17,1,1,0,0,0.4,0,1,1.0,16.0
20,-1,3,0,0,0.0,0,0,,
21,1,1,5,5,0.4,1,0,0.0,20.0
22,1,2,5,10,0.3513272292526611,2,0,0.0,20.0
23,1,3,0,10,0.30857705503587973,2,1,1.0,20.0
26,-1,3,0,0,0.0,0,0,,
27,0,1,5,5,0.9,1,0,0.0,26.0
28,0,2,5,10,0.7904862658184875,2,0,0.0,26.0
29,0,3,5,15,0.6942983738307293,3,0,0.0,26.0
30,0,4,5,20,0.609814809881446,4,0,0.0,26.0
31,0,5,0,20,0.5356113687822168,4,1,1.0,26.0
34,-1,3,0,0,0.0,0,0,,
35,1,1,0,0,0.4,0,1,1.0,34.0
38,-1,3,0,0,0.0,0,0,,
39,1,1,0,0,0.4,0,1,1.0,38.0
42,-1,3,0,0,0.0,0,0,,
43,0,1,5,5,0.9,1,0,0.0,42.0
44,0,2,5,10,0.7904862658184875,2,0,0.0,42.0
45,0,3,5,15,0.6942983738307293,3,0,0.0,42.0
46,0,4,5,20,0.609814809881446,4,0,0.0,42.0
47,0,5,5,25,0.5356113687822168,5,0,0.0,42.0
48,0,6,5,30,0.4704371453762037,6,0,0.0,42.0
49,0,7,5,35,0.4131934470563824,7,0,0.0,42.0
50,0,8,0,35,0.36291527224918735,7,1,1.0,42.0
53,-1,3,0,0,0.0,0,0,,
54,1,1,5,5,0.4,1,0,0.0,53.0
55,1,2,0,5,0.3513272292526611,1,1,1.0,53.0
58,-1,3,0,0,0.0,0,0,,
59,0,1,5,5,0.9,1,0,0.0,58.0
60,0,2,0,5,0.7904862658184875,1,1,1.0,58.0
63,-1,3,0,0,0.0,0,0,,
64,1,1,0,0,0.4,0,1,1.0,63.0
67,-1,3,0,0,0.0,0,0,,
68,1,1,0,0,0.4,0,1,1.0,67.0
71,-1,3,0,0,0.0,0,0,,
72,1,1,5,5,0.4,1,0,0.0,71.0
73,1,2,5,10,0.3513272292526611,2,0,0.0,71.0
74,1,3,0,10,0.30857705503587973,2,1,1.0,71.0
77,-1,3,0,0,0.0,0,0,,
78,0,1,5,5,0.9,1,0,0.0,77.0
79,0,2,0,5,0.7904862658184875,1,1,1.0,77.0
82,-1,3,0,0,0.0,0,0,,
83,0,1,5,5,0.9,1,0,0.0,82.0
84,0,2,0,5,0.7904862658184875,1,1,1.0,82.0
87,-1,3,0,0,0.0,0,0,,
88,1,1,0,0,0.4,0,1,1.0,87.0
91,-1,3,0,0,0.0,0,0,,
92,1,1,0,0,0.4,0,1,1.0,91.0
95,-1,3,0,0,0.0,0,0,,
96,1,1,5,5,0.4,1,0,0.0,95.0
97,1,2,5,10,0.3513272292526611,2,0,0.0,95.0
98,1,3,0,10,0.30857705503587973,2,1,1.0,95.0
101,-1,3,0,0,0.0,0,0,,
102,0,1,5,5,0.9,1,0,0.0,101.0
103,0,2,5,10,0.7904862658184875,2,0,0.0,101.0
104,0,3,5,15,0.6942983738307293,3,0,0.0,101.0
105,0,4,0,15,0.609814809881446,3,1,1.0,101.0
108,-1,3,0,0,0.0,0,0,,
