time,patch_id,time_in_patch,reward,cumulative_patch_reward,prob_reward,rewards_in_patch,failures_in_patch,consecutive_failures,patch_entry_time
1,0,1,5,5,0.9,1,0,0.0,0.0
2,0,2,5,10,0.7904862658184875,2,0,0.0,0.0
3,0,3,5,15,0.6942983738307293,3,0,0.0,0.0
4,0,4,5,20,0.609814809881446,4,0,0.0,0.0
5,0,5,0,20,0.5356113687822168,4,1,1.0,0.0
8,-1,3,0,0,0.0,0,0,,
9,1,1,0,0,0.4,0,1,1.0,8.0
12,-1,3,0,0,0.0,0,0,,
13,0,1,5,5,0.9,1,0,0.0,12.0
14,0,2,5,10,0.7904862658184875,2,0,0.0,12.0
15,0,3,5,15,0.6942983738307293,3,0,0.0,12.0
16,0,4,0,15,0.609814809881446,3,1,1.0,12.0
19,-1,3,0,0,0.0,0,0,,
20,1,1,5,5,0.4,1,0,0.0,19.0
21,1,2,0,5,0.3513272292526611,1,1,1.0,19.0
24,-1,3,0,0,0.0,0,0,,
25,1,1,5,5,0.4,1,0,0.0,24.0
26,1,2,5,10,0.3513272292526611,2,0,0.0,24.0
27,1,3,5,15,0.30857705503587973,3,0,0.0,24.0
28,1,4,0,15,0.2710288043917538,3,1,1.0,24.0
31,-1,3,0,0,0.0,0,0,,
32,0,1,5,5,0.9,1,0,0.0,31.0
33,0,2,5,10,0.7904862658184875,2,0,0.0,31.0
34,0,3,5,15,0.6942983738307293,3,0,0.0,31.0
35,0,4,0,15,0.609814809881446,3,1,1.0,31.0
38,-1,3,0,0,0.0,0,0,,
39,1,1,0,0,0.4,0,1,1.0,38.0
42,-1,3,0,0,0.0,0,0,,
43,1,1,0,0,0.4,0,1,1.0,42.0
46,-1,3,0,0,0.0,0,0,,
47,0,1,5,5,0.9,1,0,0.0,46.0
48,0,2,0,5,0.7904862658184875,1,1,1.0,46.0
51,-1,3,0,0,0.0,0,0,,
52,1,1,0,0,0.4,0,1,1.0,51.0
55,-1,3,0,0,0.0,0,0,,
56,0,1,5,5,0.9,1,0,0.0,55.0
57,0,2,5,10,0.7904862658184875,2,0,0.0,55.0
58,0,3,5,15,0.6942983738307293,3,0,0.0,55.0
59,0,4,0,15,0.609814809881446,3,1,1.0,55.0
62,-1,3,0,0,0.0,0,0,,
63,1,1,0,0,0.4,0,1,1.0,62.0
66,-1,3,0,0,0.0,0,0,,
67,1,1,0,0,0.4,0,1,1.0,66.0
70,-1,3,0,0,0.0,0,0,,
71,1,1,0,0,0.4,0,1,1.0,70.0
74,-1,3,0,0,0.0,0,0,,
75,0,1,5,5,0.9,1,0,0.0,74.0
76,0,2,5,10,0.7904862658184875,2,0,0.0,74.0
77,0,3,5,15,0.6942983738307293,3,0,0.0,74.0
78,0,4,5,20,0.609814809881446,4,0,0.0,74.0
79,0,5,5,25,0.5356113687822168,5,0,0.0,74.0
80,0,6,5,30,0.4704371453762037,6,0,0.0,74.0
81,0,7,0,30,0.4131934470563824,6,1,1.0,74.0
84,-1,3,0,0,0.0,0,0,,
85,0,1,5,5,0.9,1,0,0.0,84.0
86,0,2,5,10,0.7904862658184875,2,0,0.0,84.0
87,0,3,5,15,0.6942983738307293,3,0,0.0,84.0
88,0,4,0,15,0.609814809881446,3,1,1.0,84.0
91,-1,3,0,0,0.0,0,0,,
92,1,1,5,5,0.4,1,0,0.0,91.0
93,1,2,0,5,0.3513272292526611,1,1,1.0,91.0
96,-1,3,0,0,0.0,0,0,,
97,1,1,0,0,0.4,0,1,1.0,96.0
100,-1,3,0,0,0.0,0,0,,
101,1,1,0,0,0.4,0,1,1.0,100.0
104,-1,3,0,0,0.0,0,0,,
105,0,1,5,5,0.9,1,0,0.0,104.0
106,0,2,0,5,0.7904862658184875,1,1,1.0,104.0
109,-1,3,0,0,0.0,0,0,,
